question,contexts,ground_truth,evolution_type,metadata,episode_done
"What ethical, practical, and societal considerations should be taken into account for the responsible use of ChatGPT and artificial intelligence technology?","['manusia, dan meningkatkan efisiensi. Namun, teknologi ini juga memiliki risiko, seperti\nkeamanan data dan penggantian pekerjaan. Untuk memastikan penggunaan AI yang bijak,\nsangat penting untuk mengamati etika AI, melindungi data dan privasi pengguna,\nmenghindari diskriminasi, dan memastikan keamanan sistem. Masalah penelitian dirumuskan\nuntuk menjawab pertanyaan seperti manfaat dan risiko penggunaan ChatGPT,\npenggunaannya yang optimal, dan perannya dalam pendidikan. Tujuan dari penelitian ini\nadalah untuk menjelaskan manfaat, risiko, dan penggunaan bijak ChatGPT di era AI dan\nuntuk memastikan penggunaannya yang bertanggung jawab.\nKata kunci: Kecerdasan Buatan, ChatGPT, manfaat, risiko, dan penggunaan bijak\nReceived Maret 30, 2023; Revised April 21, 2023; Mei 01, 2023\n* Misnawati, misnawati@pbsi.upr.ac.id', 'ChatGPT: Keuntungan, Risiko, Dan Penggunaan Bijak Dalam Era Kecerdasan Buatan\nPENDAHULUAN\nTeknologi Kecerdasan Buatan (Artificial Intelligence) telah menjadi bagian yang\ntidak terpisahkan dari kehidupan manusia modern. Saat ini, ada berbagai aplikasi kecerdasan\nbuatan yang digunakan dalam industri, bisnis, kesehatan, pemerintahan, dan sektor lainnya.\nSalah satu contohnya adalah ChatGPT, sebuah model bahasa besar yang dapat menghasilkan\nteks dengan cara yang mirip dengan manusia. Dalam artikel ini, kita akan membahas\nkeuntungan, risiko, dan penggunaan bijak dari ChatGPT dan teknologi kecerdasan buatan\nsecara umum.\nTeknologi kecerdasan buatan memiliki banyak keuntungan yang dapat meningkatkan\nkehidupan manusia. Salah satu keuntungan terbesar adalah kemampuannya untuk mengambil\nkeputusan dengan cepat dan akurat berdasarkan data. Hal ini dapat membantu mengurangi\nkesalahan manusia dan mempercepat waktu respon dalam situasi kritis. Selain itu, teknologi']","Ethical considerations for the responsible use of ChatGPT and artificial intelligence technology include observing AI ethics, protecting user data and privacy, avoiding discrimination, and ensuring system security. Practical considerations involve addressing the benefits and risks of using ChatGPT, optimizing its use, and understanding its role in education. Societal considerations focus on ensuring responsible usage in various sectors such as industry, business, healthcare, and government.",simple,"[{'source': 'ragas/data/ChatGPT:Keuntungan,Risiko,DanPenggunaanBijakDalamEraKecerdasanBuatan.pdf', 'file_path': 'ragas/data/ChatGPT:Keuntungan,Risiko,DanPenggunaanBijakDalamEraKecerdasanBuatan.pdf', 'page': 0, 'total_pages': 14, 'Author': 'asus', 'CreationDate': ""D:20230421145616+07'00'"", 'ModDate': ""D:20230421145616+07'00'"", 'Producer': 'Microsoft: Print To PDF', 'Title': 'Microsoft Word - 5 - Misnawati - CHATGPT', 'filename': 'ragas/data/ChatGPT:Keuntungan,Risiko,DanPenggunaanBijakDalamEraKecerdasanBuatan.pdf'}, {'source': 'ragas/data/ChatGPT:Keuntungan,Risiko,DanPenggunaanBijakDalamEraKecerdasanBuatan.pdf', 'file_path': 'ragas/data/ChatGPT:Keuntungan,Risiko,DanPenggunaanBijakDalamEraKecerdasanBuatan.pdf', 'page': 1, 'total_pages': 14, 'Author': 'asus', 'CreationDate': ""D:20230421145616+07'00'"", 'ModDate': ""D:20230421145616+07'00'"", 'Producer': 'Microsoft: Print To PDF', 'Title': 'Microsoft Word - 5 - Misnawati - CHATGPT', 'filename': 'ragas/data/ChatGPT:Keuntungan,Risiko,DanPenggunaanBijakDalamEraKecerdasanBuatan.pdf'}]",True
"What specific benefits can artificial intelligence technology provide to sectors such as education, healthcare, and industry?","['Simpulan\nKeuntungan teknologi kecerdasan buatan meliputi: kemampuannya untuk mengambil\nkeputusan dengan cepat dan akurat berdasarkan data, sementara risiko meliputi keamanan\ndata dan penggantian pekerjaan manusia secara massal. Untuk meminimalkan risiko dan\nmemaksimalkan manfaatnya, penting untuk menggunakan teknologi kecerdasan buatan\nsecara bijak, seperti memastikan etika pengembangan, melindungi data dan privasi pengguna,\nmenghindari diskriminasi dalam pengambilan keputusan, menghindari penggantian pekerjaan\nmanusia secara massal, dan memastikan keamanan sistem kecerdasan buatan.\nSaran\nSaran untuk pengembang ChatGPT dan pengguna teknologi kecerdasan buatan\nlainnya adalah untuk mempertimbangkan implikasi sosial dan etis dari teknologi yang\nmereka buat atau gunakan. Selain itu, mereka juga harus berkomitmen untuk\nmengembangkan teknologi yang lebih aman dan etis, serta memperhatikan dampak sosial\ndari teknologi kecerdasan buatan pada masyarakat secara keseluruhan. Dengan demikian,', 'dari teknologi kecerdasan buatan pada masyarakat secara keseluruhan. Dengan demikian,\nteknologi kecerdasan buatan dapat memberikan kebaikan dan manfaat untuk pencipta dan\npenggunanya.']",The answer to given question is not present in context,simple,"[{'source': 'ragas/data/ChatGPT:Keuntungan,Risiko,DanPenggunaanBijakDalamEraKecerdasanBuatan.pdf', 'file_path': 'ragas/data/ChatGPT:Keuntungan,Risiko,DanPenggunaanBijakDalamEraKecerdasanBuatan.pdf', 'page': 10, 'total_pages': 14, 'Author': 'asus', 'CreationDate': ""D:20230421145616+07'00'"", 'ModDate': ""D:20230421145616+07'00'"", 'Producer': 'Microsoft: Print To PDF', 'Title': 'Microsoft Word - 5 - Misnawati - CHATGPT', 'filename': 'ragas/data/ChatGPT:Keuntungan,Risiko,DanPenggunaanBijakDalamEraKecerdasanBuatan.pdf'}, {'source': 'ragas/data/ChatGPT:Keuntungan,Risiko,DanPenggunaanBijakDalamEraKecerdasanBuatan.pdf', 'file_path': 'ragas/data/ChatGPT:Keuntungan,Risiko,DanPenggunaanBijakDalamEraKecerdasanBuatan.pdf', 'page': 10, 'total_pages': 14, 'Author': 'asus', 'CreationDate': ""D:20230421145616+07'00'"", 'ModDate': ""D:20230421145616+07'00'"", 'Producer': 'Microsoft: Print To PDF', 'Title': 'Microsoft Word - 5 - Misnawati - CHATGPT', 'filename': 'ragas/data/ChatGPT:Keuntungan,Risiko,DanPenggunaanBijakDalamEraKecerdasanBuatan.pdf'}]",True
What is the importance of using a representative and diverse dataset for training models like ChatGPT?,"['menggunakan dataset yang lebih representatif dan beragam untuk melatih model.\n3. Interpretasi yang jelas: Sediakan dokumentasi dan petunjuk yang jelas tentang cara\nmenginterpretasikan output ChatGPT. Selain itu, pastikan bahwa pengguna memiliki\npemahaman yang cukup tentang model dan cara kerjanya sebelum menggunakannya.\nRisiko penggunaan ChatGPT adalah kualitas keluaran yang dihasilkan oleh program.\nMeskipun ChatGPT didasarkan pada teknologi kecerdasan buatan terbaru, hasilnya tidak\nselalu akurat dan dapat menciptakan situasi yang salah dalam pengambilan keputusan atau\nkomunikasi. Oleh karena itu, pengguna perlu melakukan evaluasi dan verifikasi ulang\nterhadap keluaran yang dihasilkan oleh ChatGPT sebelum memutuskan untuk\nmenggunakannya sebagai dasar untuk keputusan atau tindakan penting lainnya.\nC. Penggunaan ChatGPT Dapat Membantu Dalam Edukasi dan Cara Memastikan\nPenggunaannya dengan Tepat dan Bijak\nPenggunaan Bijak ChatGPT Penggunaan bijak ChatGPT sangat penting untuk']","The importance of using a representative and diverse dataset for training models like ChatGPT is to ensure that the model is trained effectively and can produce high-quality outputs. A diverse dataset helps in reducing biases and improving the accuracy of the model's responses, which is crucial for reliable decision-making and communication.",simple,"[{'source': 'ragas/data/ChatGPT:Keuntungan,Risiko,DanPenggunaanBijakDalamEraKecerdasanBuatan.pdf', 'file_path': 'ragas/data/ChatGPT:Keuntungan,Risiko,DanPenggunaanBijakDalamEraKecerdasanBuatan.pdf', 'page': 8, 'total_pages': 14, 'Author': 'asus', 'CreationDate': ""D:20230421145616+07'00'"", 'ModDate': ""D:20230421145616+07'00'"", 'Producer': 'Microsoft: Print To PDF', 'Title': 'Microsoft Word - 5 - Misnawati - CHATGPT', 'filename': 'ragas/data/ChatGPT:Keuntungan,Risiko,DanPenggunaanBijakDalamEraKecerdasanBuatan.pdf'}]",True
What should be considered regarding faktor-faktor etis dan legal in the use of AI technology?,"['untuk memproses data secara cepat dan akurat, yang membuat AI sangat efektif dalam\nmembantu dalam pengambilan keputusan dan meningkatkan efisiensi bisnis. AI juga dapat\nmenggantikan pekerja manusia dalam tugas-tugas yang berulang, membantu mengurangi\nbiaya dan meningkatkan konsistensi.\nNamun, selain keuntungan, penulis juga menemukan bahwa penggunaan teknologi AI\nmemiliki beberapa risiko. Salah satunya adalah ketidakmampuan AI untuk menggantikan\nkemampuan manusia dalam tugas-tugas yang memerlukan kreativitas dan empati. Selain itu,\nkeamanan dan privasi data juga menjadi masalah utama yang perlu diperhatikan dalam\npenggunaan teknologi AI. Hal ini terkait dengan adanya potensi penyalahgunaan data dan\nancaman keamanan siber.\nOleh karena itu, penggunaan teknologi AI perlu dilakukan dengan bijak. Penulis\nmenemukan bahwa penggunaan AI yang tepat dapat membantu meningkatkan efisiensi dan\nproduktivitas, serta memberikan manfaat dalam berbagai bidang seperti kesehatan,']",The answer to given question is not present in context,simple,"[{'source': 'ragas/data/ChatGPT:Keuntungan,Risiko,DanPenggunaanBijakDalamEraKecerdasanBuatan.pdf', 'file_path': 'ragas/data/ChatGPT:Keuntungan,Risiko,DanPenggunaanBijakDalamEraKecerdasanBuatan.pdf', 'page': 4, 'total_pages': 14, 'Author': 'asus', 'CreationDate': ""D:20230421145616+07'00'"", 'ModDate': ""D:20230421145616+07'00'"", 'Producer': 'Microsoft: Print To PDF', 'Title': 'Microsoft Word - 5 - Misnawati - CHATGPT', 'filename': 'ragas/data/ChatGPT:Keuntungan,Risiko,DanPenggunaanBijakDalamEraKecerdasanBuatan.pdf'}]",True
How do data source credibility and ChatGPT usage ethics impact results?,"['Oleh karena itu, sumber data yang digunakan oleh ChatGPT dapat mempengaruhi hasil yang\ndihasilkan. Penting bagi pengguna untuk memastikan bahwa sumber data yang digunakan\nadalah kredibel dan dapat dipertanggungjawabkan. Dengan demikian, penggunaan ChatGPT\ndapat memberikan manfaat yang maksimal dalam edukasi.\nD. Etika Dapat Diterapkan pada Penggunaan ChatGPT dan Cara Memastikan\nPenggunaannya Secara Bertanggung Jawab\nEtika dapat diterapkan pada penggunaan ChatGPT dengan memperhatikan prinsip-\nprinsip moral dan aturan yang baik. ChatGPT sebagai sebuah alat kecerdasan buatan (AI)\nharus digunakan dengan penuh tanggung jawab dan tidak melanggar hak-hak privasi orang\nlain atau merugikan individu atau kelompok tertentu. Oleh karena itu, perlu memastikan\nbahwa penggunaannya tidak bertentangan dengan hukum atau norma-norma sosial yang\nberlaku.\nDalam memastikan penggunaan ChatGPT secara bertanggung jawab, perlu\nmelakukan sejumlah langkah: Pertama, pelajari cara kerja ChatGPT agar dapat memahami']","Data source credibility impacts the results generated by ChatGPT, as using credible and accountable data sources is essential for maximizing the benefits of ChatGPT in education. Additionally, ethics in ChatGPT usage involves adhering to moral principles and good practices, ensuring that the tool is used responsibly without violating privacy rights or harming individuals or groups. Therefore, both data source credibility and ethical usage are crucial for achieving reliable and responsible outcomes.",reasoning,"[{'source': 'ragas/data/ChatGPT:Keuntungan,Risiko,DanPenggunaanBijakDalamEraKecerdasanBuatan.pdf', 'file_path': 'ragas/data/ChatGPT:Keuntungan,Risiko,DanPenggunaanBijakDalamEraKecerdasanBuatan.pdf', 'page': 9, 'total_pages': 14, 'Author': 'asus', 'CreationDate': ""D:20230421145616+07'00'"", 'ModDate': ""D:20230421145616+07'00'"", 'Producer': 'Microsoft: Print To PDF', 'Title': 'Microsoft Word - 5 - Misnawati - CHATGPT', 'filename': 'ragas/data/ChatGPT:Keuntungan,Risiko,DanPenggunaanBijakDalamEraKecerdasanBuatan.pdf'}]",True
What ethical factors to consider for ChatGPT in AI?,"['protect user data and privacy, avoid discrimination, and ensure system security. The\nresearch problem is formulated to answer questions such as the benefits and risks of using\nChatGPT, its optimal use, and its role in education. The purpose of the research is to\ndescribe the benefits, risks, and wise use of ChatGPT in the era of AI and to ensure its\nresponsible use.\nKeywords: Artificial Intelligence, ChatGPT, benefits, risks, and wise use.\nAbstrak\nArtikel ini membahas tentang manfaat, risiko, dan penggunaan yang bijak dari\nteknologi Kecerdasan Buatan (AI), dengan fokus pada ChatGPT, sebuah model bahasa besar.\nTeknologi AI telah menjadi bagian integral dari kehidupan manusia modern, dengan berbagai\naplikasi di industri seperti bisnis, kesehatan, pemerintahan, dan lain-lain. Teknologi AI dapat\nmembantu meningkatkan pengambilan keputusan berdasarkan data, mengurangi kesalahan\nmanusia, dan meningkatkan efisiensi. Namun, teknologi ini juga memiliki risiko, seperti', 'manusia, dan meningkatkan efisiensi. Namun, teknologi ini juga memiliki risiko, seperti\nkeamanan data dan penggantian pekerjaan. Untuk memastikan penggunaan AI yang bijak,\nsangat penting untuk mengamati etika AI, melindungi data dan privasi pengguna,\nmenghindari diskriminasi, dan memastikan keamanan sistem. Masalah penelitian dirumuskan\nuntuk menjawab pertanyaan seperti manfaat dan risiko penggunaan ChatGPT,\npenggunaannya yang optimal, dan perannya dalam pendidikan. Tujuan dari penelitian ini\nadalah untuk menjelaskan manfaat, risiko, dan penggunaan bijak ChatGPT di era AI dan\nuntuk memastikan penggunaannya yang bertanggung jawab.\nKata kunci: Kecerdasan Buatan, ChatGPT, manfaat, risiko, dan penggunaan bijak\nReceived Maret 30, 2023; Revised April 21, 2023; Mei 01, 2023\n* Misnawati, misnawati@pbsi.upr.ac.id']","The ethical factors to consider for ChatGPT in AI include protecting user data and privacy, avoiding discrimination, and ensuring system security.",reasoning,"[{'source': 'ragas/data/ChatGPT:Keuntungan,Risiko,DanPenggunaanBijakDalamEraKecerdasanBuatan.pdf', 'file_path': 'ragas/data/ChatGPT:Keuntungan,Risiko,DanPenggunaanBijakDalamEraKecerdasanBuatan.pdf', 'page': 0, 'total_pages': 14, 'Author': 'asus', 'CreationDate': ""D:20230421145616+07'00'"", 'ModDate': ""D:20230421145616+07'00'"", 'Producer': 'Microsoft: Print To PDF', 'Title': 'Microsoft Word - 5 - Misnawati - CHATGPT', 'filename': 'ragas/data/ChatGPT:Keuntungan,Risiko,DanPenggunaanBijakDalamEraKecerdasanBuatan.pdf'}, {'source': 'ragas/data/ChatGPT:Keuntungan,Risiko,DanPenggunaanBijakDalamEraKecerdasanBuatan.pdf', 'file_path': 'ragas/data/ChatGPT:Keuntungan,Risiko,DanPenggunaanBijakDalamEraKecerdasanBuatan.pdf', 'page': 0, 'total_pages': 14, 'Author': 'asus', 'CreationDate': ""D:20230421145616+07'00'"", 'ModDate': ""D:20230421145616+07'00'"", 'Producer': 'Microsoft: Print To PDF', 'Title': 'Microsoft Word - 5 - Misnawati - CHATGPT', 'filename': 'ragas/data/ChatGPT:Keuntungan,Risiko,DanPenggunaanBijakDalamEraKecerdasanBuatan.pdf'}]",True
How to maximize benefits and minimize risks using ChatGPT for decision-making?,"['ChatGPT: Keuntungan, Risiko, Dan Penggunaan Bijak Dalam Era Kecerdasan Buatan\nDengan demikian, penggunaan ChatGPT dapat mempercepat dan meningkatkan efektivitas\npembelajaran.\nNamun, dalam menggunakan ChatGPT, penting bagi pengguna untuk memastikan\nbahwa penggunaannya dilakukan dengan tepat dan bijak. Salah satu cara untuk memastikan\npenggunaan yang tepat adalah dengan memahami batasan kemampuan ChatGPT. Meskipun\nmemiliki kemampuan yang sangat baik dalam menghasilkan teks, ChatGPT tidak bisa\nmenggantikan interaksi manusia dalam pengambilan keputusan yang kompleks. Oleh karena\nitu, pengguna harus menggunakan ChatGPT hanya sebagai alat bantu dan tetap\nmengandalkan penilaian manusia untuk keputusan yang penting.\nSelain itu, pengguna juga harus memperhatikan sumber data yang digunakan oleh\nChatGPT. ChatGPT mempelajari bahasa manusia melalui data yang disediakan oleh manusia.\nOleh karena itu, sumber data yang digunakan oleh ChatGPT dapat mempengaruhi hasil yang', 'ChatGPT: Keuntungan, Risiko, Dan Penggunaan Bijak Dalam Era Kecerdasan Buatan\nA. Keuntungan Menggunakan ChatGPT dalam Era Kecerdasan Buatan dan Cara\nMenggunakan Secara Optimal\nKeuntungan ChatGPT ChatGPT memiliki banyak keuntungan bagi pengguna, seperti\nkemampuan untuk menghasilkan teks yang mirip dengan manusia, mempercepat proses\npenulisan, dan memberikan solusi yang cepat dan akurat untuk masalah tertentu. Selain itu,\nChatGPT dapat digunakan dalam berbagai aplikasi, seperti chatbot, analisis data, dan\nkecerdasan bisnis (https://www.helpscout.com/blog/chatbots-for-customer-service/\ndiakses 7 April 2023)\nChatGPT adalah model bahasa alami berbasis kecerdasan buatan yang sangat kuat\ndan serbaguna. Keuntungan penggunaan ChatGPT adalah kemampuannya untuk memahami\ndan menghasilkan bahasa manusia dengan cara yang sangat mirip dengan manusia. Beberapa\nkeuntungan penggunaan ChatGPT adalah sebagai berikut\n1. Kemampuan untuk Berkomunikasi dengan Manusia']",The answer to given question is not present in context,multi_context,"[{'source': 'ragas/data/ChatGPT:Keuntungan,Risiko,DanPenggunaanBijakDalamEraKecerdasanBuatan.pdf', 'file_path': 'ragas/data/ChatGPT:Keuntungan,Risiko,DanPenggunaanBijakDalamEraKecerdasanBuatan.pdf', 'page': 9, 'total_pages': 14, 'Author': 'asus', 'CreationDate': ""D:20230421145616+07'00'"", 'ModDate': ""D:20230421145616+07'00'"", 'Producer': 'Microsoft: Print To PDF', 'Title': 'Microsoft Word - 5 - Misnawati - CHATGPT', 'filename': 'ragas/data/ChatGPT:Keuntungan,Risiko,DanPenggunaanBijakDalamEraKecerdasanBuatan.pdf'}, {'source': 'ragas/data/ChatGPT:Keuntungan,Risiko,DanPenggunaanBijakDalamEraKecerdasanBuatan.pdf', 'file_path': 'ragas/data/ChatGPT:Keuntungan,Risiko,DanPenggunaanBijakDalamEraKecerdasanBuatan.pdf', 'page': 5, 'total_pages': 14, 'Author': 'asus', 'CreationDate': ""D:20230421145616+07'00'"", 'ModDate': ""D:20230421145616+07'00'"", 'Producer': 'Microsoft: Print To PDF', 'Title': 'Microsoft Word - 5 - Misnawati - CHATGPT', 'filename': 'ragas/data/ChatGPT:Keuntungan,Risiko,DanPenggunaanBijakDalamEraKecerdasanBuatan.pdf'}]",True
"What should users keep in mind for ethical ChatGPT use, especially on data security and bias?","['Prosiding Seminar Nasional Pendidikan, Bahasa, Sastra, Seni, dan Budaya (Mateandrau)\nVolume 2, No. 1 Mei 2023;\nE-ISSN : 2963-7945 dan P-ISSN : 2963-7910, Hal 54-67\noleh pengguna, dan jika pengguna mengambil keputusan yang salah berdasarkan output\ntersebut, maka hal ini dapat menyebabkan kesalahan dan masalah yang lebih besar.\nCara mengatasi risiko-risiko yang tidak diinginkan saat menggunkan ChatGPT dalam\nera kecerdasan buatan adalah sebagai berikut.\n1. Keamanan data: Pastikan sistem dan data pelatihan yang digunakan dalam proses\npenggunaan ChatGPT terlindungi dengan enkripsi dan aturan akses yang ketat untuk\nmencegah akses tidak sah atau pengambilan data pribadi oleh pelaku cyber.\n2. Deteksi bias: Lakukan analisis terhadap data pelatihan yang digunakan dalam ChatGPT\nuntuk mendeteksi dan menghapus bias dalam dataset. Selain itu, cobalah untuk\nmenggunakan dataset yang lebih representatif dan beragam untuk melatih model.', 'Prosiding Seminar Nasional Pendidikan, Bahasa, Sastra, Seni, dan Budaya (Mateandrau)\nVolume 2, No. 1 Mei 2023;\nE-ISSN : 2963-7945 dan P-ISSN : 2963-7910, Hal 54-67\noleh pengguna, dan jika pengguna mengambil keputusan yang salah berdasarkan output\ntersebut, maka hal ini dapat menyebabkan kesalahan dan masalah yang lebih besar.\nCara mengatasi risiko-risiko yang tidak diinginkan saat menggunkan ChatGPT dalam\nera kecerdasan buatan adalah sebagai berikut.\n1. Keamanan data: Pastikan sistem dan data pelatihan yang digunakan dalam proses\npenggunaan ChatGPT terlindungi dengan enkripsi dan aturan akses yang ketat untuk\nmencegah akses tidak sah atau pengambilan data pribadi oleh pelaku cyber.\n2. Deteksi bias: Lakukan analisis terhadap data pelatihan yang digunakan dalam ChatGPT\nuntuk mendeteksi dan menghapus bias dalam dataset. Selain itu, cobalah untuk\nmenggunakan dataset yang lebih representatif dan beragam untuk melatih model.']","Users should keep in mind the following for ethical ChatGPT use regarding data security and bias: 1. Data security: Ensure that the systems and training data used in the ChatGPT process are protected with encryption and strict access rules to prevent unauthorized access or the theft of personal data by cyber actors. 2. Bias detection: Conduct analysis on the training data used in ChatGPT to detect and eliminate bias in the dataset. Additionally, try to use more representative and diverse datasets to train the model.",multi_context,"[{'source': 'ragas/data/ChatGPT:Keuntungan,Risiko,DanPenggunaanBijakDalamEraKecerdasanBuatan.pdf', 'file_path': 'ragas/data/ChatGPT:Keuntungan,Risiko,DanPenggunaanBijakDalamEraKecerdasanBuatan.pdf', 'page': 8, 'total_pages': 14, 'Author': 'asus', 'CreationDate': ""D:20230421145616+07'00'"", 'ModDate': ""D:20230421145616+07'00'"", 'Producer': 'Microsoft: Print To PDF', 'Title': 'Microsoft Word - 5 - Misnawati - CHATGPT', 'filename': 'ragas/data/ChatGPT:Keuntungan,Risiko,DanPenggunaanBijakDalamEraKecerdasanBuatan.pdf'}, {'source': 'ragas/data/ChatGPT:Keuntungan,Risiko,DanPenggunaanBijakDalamEraKecerdasanBuatan.pdf', 'file_path': 'ragas/data/ChatGPT:Keuntungan,Risiko,DanPenggunaanBijakDalamEraKecerdasanBuatan.pdf', 'page': 8, 'total_pages': 14, 'Author': 'asus', 'CreationDate': ""D:20230421145616+07'00'"", 'ModDate': ""D:20230421145616+07'00'"", 'Producer': 'Microsoft: Print To PDF', 'Title': 'Microsoft Word - 5 - Misnawati - CHATGPT', 'filename': 'ragas/data/ChatGPT:Keuntungan,Risiko,DanPenggunaanBijakDalamEraKecerdasanBuatan.pdf'}]",True
What can ethical AI bring to society?,"['Simpulan\nKeuntungan teknologi kecerdasan buatan meliputi: kemampuannya untuk mengambil\nkeputusan dengan cepat dan akurat berdasarkan data, sementara risiko meliputi keamanan\ndata dan penggantian pekerjaan manusia secara massal. Untuk meminimalkan risiko dan\nmemaksimalkan manfaatnya, penting untuk menggunakan teknologi kecerdasan buatan\nsecara bijak, seperti memastikan etika pengembangan, melindungi data dan privasi pengguna,\nmenghindari diskriminasi dalam pengambilan keputusan, menghindari penggantian pekerjaan\nmanusia secara massal, dan memastikan keamanan sistem kecerdasan buatan.\nSaran\nSaran untuk pengembang ChatGPT dan pengguna teknologi kecerdasan buatan\nlainnya adalah untuk mempertimbangkan implikasi sosial dan etis dari teknologi yang\nmereka buat atau gunakan. Selain itu, mereka juga harus berkomitmen untuk\nmengembangkan teknologi yang lebih aman dan etis, serta memperhatikan dampak sosial\ndari teknologi kecerdasan buatan pada masyarakat secara keseluruhan. Dengan demikian,', 'dari teknologi kecerdasan buatan pada masyarakat secara keseluruhan. Dengan demikian,\nteknologi kecerdasan buatan dapat memberikan kebaikan dan manfaat untuk pencipta dan\npenggunanya.']",The answer to given question is not present in context,conditional,"[{'source': 'ragas/data/ChatGPT:Keuntungan,Risiko,DanPenggunaanBijakDalamEraKecerdasanBuatan.pdf', 'file_path': 'ragas/data/ChatGPT:Keuntungan,Risiko,DanPenggunaanBijakDalamEraKecerdasanBuatan.pdf', 'page': 10, 'total_pages': 14, 'Author': 'asus', 'CreationDate': ""D:20230421145616+07'00'"", 'ModDate': ""D:20230421145616+07'00'"", 'Producer': 'Microsoft: Print To PDF', 'Title': 'Microsoft Word - 5 - Misnawati - CHATGPT', 'filename': 'ragas/data/ChatGPT:Keuntungan,Risiko,DanPenggunaanBijakDalamEraKecerdasanBuatan.pdf'}, {'source': 'ragas/data/ChatGPT:Keuntungan,Risiko,DanPenggunaanBijakDalamEraKecerdasanBuatan.pdf', 'file_path': 'ragas/data/ChatGPT:Keuntungan,Risiko,DanPenggunaanBijakDalamEraKecerdasanBuatan.pdf', 'page': 10, 'total_pages': 14, 'Author': 'asus', 'CreationDate': ""D:20230421145616+07'00'"", 'ModDate': ""D:20230421145616+07'00'"", 'Producer': 'Microsoft: Print To PDF', 'Title': 'Microsoft Word - 5 - Misnawati - CHATGPT', 'filename': 'ragas/data/ChatGPT:Keuntungan,Risiko,DanPenggunaanBijakDalamEraKecerdasanBuatan.pdf'}]",True
Why is it vital to grasp the pros and cons of using AI like ChatGPT?,"['1. Mendeskripsikan keuntungan menggunakan ChatGPT dalam era kecerdasan buatan dan\nbagaimana dapat digunakan secara optimal.\n2. Mendeskripsikan saja risiko penggunaan ChatGPT dalam era kecerdasan buatan dan\nbagaimana dapat diatasi.\n3. Mendeskripsikan penggunaan ChatGPT dapat membantu dalam edukasi dan bagaimana\nmemastikan penggunaannya dengan tepat dan bijak.\n4. Mendeskripsikan etika dapat diterapkan pada penggunaan ChatGPT dan bagaimana\nmemastikan penggunaannya secara bertanggung jawab.\nPentingnya pembahasan tentang keuntungan, risiko, dan penggunaan bijak dalam era\nkecerdasan buatan (AI) adalah karena AI semakin banyak digunakan dalam kehidupan\nsehari-hari kita. Teknologi ini telah menjadi bagian penting dalam bidang seperti bisnis,\nkesehatan, otomotif, dan lain-lain. Namun, penggunaan AI yang tidak bijak dapat\nmenyebabkan risiko yang serius bagi masyarakat. Oleh karena itu, penting untuk memahami\nkeuntungan, risiko, dan bagaimana menggunakan AI secara bijak.']","It is vital to grasp the pros and cons of using AI like ChatGPT because AI is increasingly used in everyday life, and understanding the benefits and risks is essential to ensure its responsible and wise use. Misuse of AI can lead to serious risks for society.",conditional,"[{'source': 'ragas/data/ChatGPT:Keuntungan,Risiko,DanPenggunaanBijakDalamEraKecerdasanBuatan.pdf', 'file_path': 'ragas/data/ChatGPT:Keuntungan,Risiko,DanPenggunaanBijakDalamEraKecerdasanBuatan.pdf', 'page': 2, 'total_pages': 14, 'Author': 'asus', 'CreationDate': ""D:20230421145616+07'00'"", 'ModDate': ""D:20230421145616+07'00'"", 'Producer': 'Microsoft: Print To PDF', 'Title': 'Microsoft Word - 5 - Misnawati - CHATGPT', 'filename': 'ragas/data/ChatGPT:Keuntungan,Risiko,DanPenggunaanBijakDalamEraKecerdasanBuatan.pdf'}]",True
